"ファイル名","所在地","業種","延床面積","建築区分","契約電力"
"G16000168.csv","関東","卸売業，小売業","中規模","1棟","高圧小口"
"G17000337.csv","関東","製造業","中規模","1棟","高圧小口"
"G17000347.csv","関東","運輸業，郵便業","大規模","1棟","高圧小口"
"G17000348.csv","関東","卸売業，小売業","中規模","1棟","高圧小口"
"G17000349.csv","関東","卸売業，小売業","中規模","1棟","高圧小口"
"G17000350.csv","関東","卸売業，小売業","大規模","1棟","高圧小口"
"G17000351.csv","関東","卸売業，小売業","中規模","1棟","高圧小口"
"G17000352.csv","関東","卸売業，小売業","中規模","1棟","高圧小口"
"G17000354.csv","関東","卸売業，小売業","大規模","1棟","高圧小口"
"G17000355.csv","関東","運輸業，郵便業","大規模","1棟","高圧小口"
"G17000359.csv","関東","卸売業，小売業","中規模","1棟","高圧小口"
"G17000360.csv","関東","卸売業，小売業","中規模","1棟","高圧小口"
"G17000363.csv","関東","卸売業，小売業","中規模","テナント","高圧小口"
"G17000383.csv","関東","生活関連サービス業，娯楽業","中規模","テナント","高圧小口"
"G17000385.csv","関東","卸売業，小売業","中規模","1棟","高圧小口"
"G17000392.csv","関東","卸売業，小売業","中規模","テナント","高圧小口"
"G17000393.csv","関東","卸売業，小売業","中規模","1棟","高圧小口"
"G17000395.csv","関東","卸売業，小売業","中規模","1棟","高圧小口"
"G17000397.csv","関東","製造業","大規模","1棟","高圧"
"G17000401.csv","関東","教育，学習支援業","大規模","1棟","高圧小口"
"G17000407.csv","関東","製造業","大規模","1棟","高圧小口"
"G17000409.csv","関東","不動産業，物品賃貸業","大規模","1棟","高圧小口"
"G17000410.csv","関東","製造業","中規模","1棟","高圧小口"
"G17000411.csv","関東","製造業","大規模","1棟","高圧小口"
"G17000417.csv","関東","卸売業，小売業","中規模","1棟","高圧小口"
"G17000419.csv","関東","製造業","大規模","1棟","高圧小口"
"G17000423.csv","関東","サービス業（他に分類されないもの）","大規模","1棟","高圧小口"
"G17000426.csv","関東","卸売業，小売業","大規模","1棟","高圧小口"
"G17000427.csv","関東","卸売業，小売業","大規模","1棟","高圧小口"
"G17000428.csv","関東","卸売業，小売業","大規模","1棟","高圧小口"
"G17000429.csv","関東","卸売業，小売業","大規模","1棟","高圧"
"G17000432.csv","関東","卸売業，小売業","大規模","1棟","高圧小口"
"G17000433.csv","関東","卸売業，小売業","大規模","1棟","高圧小口"
"G17000434.csv","関東","卸売業，小売業","大規模","1棟","高圧小口"
"G17000442.csv","関東","卸売業，小売業","大規模","1棟","高圧小口"
"G17000443.csv","関東","卸売業，小売業","大規模","1棟","高圧小口"
"G17000449.csv","関東","不動産業，物品賃貸業","大規模","1棟","高圧小口"
"G17000452.csv","関東","製造業","中規模","1棟","高圧小口"
"G17000453.csv","関東","運輸業，郵便業","大規模","1棟","高圧小口"
"G17000469.csv","関東","卸売業，小売業","中規模","テナント","高圧小口"
"G17000474.csv","関東","卸売業，小売業","中規模","1棟","高圧小口"
"G17000475.csv","関東","製造業","中規模","1棟","高圧小口"
"G17000479.csv","関東","卸売業，小売業","大規模","1棟","高圧小口"
"G17000484.csv","関東","卸売業，小売業","大規模","1棟","高圧小口"
"G17000489.csv","関東","卸売業，小売業","中規模","1棟","高圧小口"
"G17000492.csv","関東","不動産業，物品賃貸業","大規模","1棟","高圧小口"
"G17000496.csv","関東","運輸業，郵便業","大規模","1棟","高圧小口"
"G17000511.csv","関東","サービス業（他に分類されないもの）","大規模","1棟","高圧小口"
"G17000524.csv","関東","生活関連サービス業，娯楽業","中規模","テナント","高圧小口"
"G17000528.csv","関東","医療，福祉","大規模","1棟","高圧小口"
"G17000529.csv","関東","製造業","大規模","1棟","高圧小口"
"G17000551.csv","関東","卸売業，小売業","大規模","1棟","高圧小口"
"G17000562.csv","関東","卸売業，小売業","中規模","1棟","高圧小口"
"G17000588.csv","関東","卸売業，小売業","大規模","1棟","高圧小口"
"G17000605.csv","関東","卸売業，小売業","大規模","1棟","高圧"
"G17000606.csv","関東","卸売業，小売業","大規模","1棟","高圧"
"G17000615.csv","関東","卸売業，小売業","中規模","1棟","高圧小口"
"G17000617.csv","関東","卸売業，小売業","中規模","1棟","高圧小口"
"G17000618.csv","関東","卸売業，小売業","中規模","1棟","高圧小口"
"G17000623.csv","関東","卸売業，小売業","中規模","1棟","高圧小口"
"G17000625.csv","関東","卸売業，小売業","中規模","1棟","高圧小口"
"G17000635.csv","関東","卸売業，小売業","中規模","1棟","高圧小口"
"G17000636.csv","関東","卸売業，小売業","中規模","1棟","高圧小口"
"G17000638.csv","関東","卸売業，小売業","中規模","1棟","高圧小口"
"G17000642.csv","関東","卸売業，小売業","中規模","1棟","高圧小口"
"G17000657.csv","関東","卸売業，小売業","中規模","1棟","高圧小口"
"G17000661.csv","関東","卸売業，小売業","中規模","1棟","高圧小口"
"G17000663.csv","関東","卸売業，小売業","中規模","1棟","高圧小口"
"G17000664.csv","関東","卸売業，小売業","中規模","1棟","高圧小口"
"G17000665.csv","関東","卸売業，小売業","中規模","1棟","高圧小口"
"G17000679.csv","関東","卸売業，小売業","中規模","1棟","高圧小口"
"G17000680.csv","関東","卸売業，小売業","中規模","1棟","高圧小口"
"G17000681.csv","関東","卸売業，小売業","中規模","1棟","高圧小口"
"G17000683.csv","関東","卸売業，小売業","中規模","1棟","高圧小口"
"G17000684.csv","関東","卸売業，小売業","大規模","1棟","高圧小口"
"G17000685.csv","関東","卸売業，小売業","中規模","1棟","高圧小口"
"G17000686.csv","関東","卸売業，小売業","中規模","1棟","高圧小口"
"G17000687.csv","関東","卸売業，小売業","中規模","1棟","高圧小口"
"G17000698.csv","関東","卸売業，小売業","中規模","1棟","高圧小口"
"G17000699.csv","関東","卸売業，小売業","中規模","1棟","低圧"
"G18000337.csv","関東","製造業","中規模","1棟","高圧小口"
"G18000347.csv","関東","運輸業，郵便業","大規模","1棟","高圧小口"
"G18000348.csv","関東","卸売業，小売業","中規模","1棟","高圧小口"
"G18000349.csv","関東","卸売業，小売業","中規模","1棟","高圧小口"
"G18000350.csv","関東","卸売業，小売業","大規模","1棟","高圧小口"
"G18000351.csv","関東","卸売業，小売業","中規模","1棟","高圧小口"
"G18000352.csv","関東","卸売業，小売業","中規模","1棟","高圧小口"
"G18000354.csv","関東","卸売業，小売業","大規模","1棟","高圧小口"
"G18000355.csv","関東","運輸業，郵便業","大規模","1棟","高圧小口"
"G18000363.csv","関東","卸売業，小売業","中規模","テナント","高圧小口"
"G18000383.csv","関東","生活関連サービス業，娯楽業","中規模","テナント","高圧小口"
"G18000385.csv","関東","卸売業，小売業","中規模","1棟","高圧小口"
"G18000392.csv","関東","卸売業，小売業","中規模","テナント","高圧小口"
"G18000393.csv","関東","卸売業，小売業","中規模","1棟","高圧小口"
"G18000395.csv","関東","卸売業，小売業","中規模","1棟","高圧小口"
"G18000397.csv","関東","製造業","大規模","1棟","高圧"
"G18000401.csv","関東","教育，学習支援業","大規模","1棟","高圧小口"
"G18000407.csv","関東","製造業","大規模","1棟","高圧小口"
"G18000409.csv","関東","不動産業，物品賃貸業","大規模","1棟","高圧小口"
"G18000410.csv","関東","製造業","中規模","1棟","高圧小口"
"G18000411.csv","関東","製造業","大規模","1棟","高圧小口"
"G18000415.csv","関東","卸売業，小売業","中規模","1棟","高圧小口"
"G18000417.csv","関東","卸売業，小売業","中規模","1棟","高圧小口"
"G18000419.csv","関東","製造業","大規模","1棟","高圧小口"
"G18000421.csv","関東","製造業","大規模","1棟","高圧小口"
"G18000423.csv","関東","サービス業（他に分類されないもの）","大規模","1棟","高圧小口"
"G18000426.csv","関東","卸売業，小売業","大規模","1棟","高圧小口"
"G18000427.csv","関東","卸売業，小売業","大規模","1棟","高圧小口"
"G18000428.csv","関東","卸売業，小売業","大規模","1棟","高圧小口"
"G18000429.csv","関東","卸売業，小売業","大規模","1棟","高圧"
"G18000432.csv","関東","卸売業，小売業","大規模","1棟","高圧小口"
"G18000433.csv","関東","卸売業，小売業","大規模","1棟","高圧小口"
"G18000434.csv","関東","卸売業，小売業","大規模","1棟","高圧小口"
"G18000438.csv","関東","卸売業，小売業","中規模","1棟","高圧小口"
"G18000440.csv","関東","卸売業，小売業","中規模","1棟","高圧小口"
"G18000441.csv","関東","卸売業，小売業","中規模","1棟","高圧小口"
"G18000442.csv","関東","卸売業，小売業","大規模","1棟","高圧小口"
"G18000443.csv","関東","卸売業，小売業","大規模","1棟","高圧小口"
"G18000449.csv","関東","不動産業，物品賃貸業","大規模","1棟","高圧小口"
"G18000452.csv","関東","製造業","中規模","1棟","高圧小口"
"G18000453.csv","関東","運輸業，郵便業","大規模","1棟","高圧小口"
"G18000469.csv","関東","卸売業，小売業","中規模","テナント","高圧小口"
"G18000474.csv","関東","卸売業，小売業","中規模","1棟","高圧小口"
"G18000476.csv","関東","教育，学習支援業","大規模","1棟","高圧小口"
"G18000479.csv","関東","卸売業，小売業","大規模","1棟","高圧小口"
"G18000482.csv","関東","卸売業，小売業","中規模","1棟","高圧小口"
"G18000484.csv","関東","卸売業，小売業","大規模","1棟","高圧小口"
"G18000489.csv","関東","卸売業，小売業","中規模","1棟","高圧小口"
"G18000492.csv","関東","不動産業，物品賃貸業","大規模","1棟","高圧小口"
"G18000496.csv","関東","運輸業，郵便業","大規模","1棟","高圧小口"
"G18000498.csv","関東","卸売業，小売業","大規模","1棟","高圧小口"
"G18000509.csv","関東","卸売業，小売業","中規模","1棟","高圧小口"
"G18000524.csv","関東","生活関連サービス業，娯楽業","中規模","テナント","高圧小口"
"G18000528.csv","関東","医療，福祉","大規模","1棟","高圧小口"
"G18000529.csv","関東","製造業","大規模","1棟","高圧小口"
"G18000551.csv","関東","卸売業，小売業","大規模","1棟","高圧小口"
"G18000562.csv","関東","卸売業，小売業","中規模","1棟","高圧小口"
"G18000588.csv","関東","卸売業，小売業","大規模","1棟","高圧小口"
"G18000605.csv","関東","卸売業，小売業","大規模","1棟","高圧"
"G18000606.csv","関東","卸売業，小売業","大規模","1棟","高圧"
"G18000615.csv","関東","卸売業，小売業","中規模","1棟","高圧小口"
"G18000617.csv","関東","卸売業，小売業","中規模","1棟","高圧小口"
"G18000618.csv","関東","卸売業，小売業","中規模","1棟","高圧小口"
"G18000623.csv","関東","卸売業，小売業","中規模","1棟","高圧小口"
"G18000625.csv","関東","卸売業，小売業","中規模","1棟","高圧小口"
"G18000635.csv","関東","卸売業，小売業","中規模","1棟","高圧小口"
"G18000636.csv","関東","卸売業，小売業","中規模","1棟","高圧小口"
"G18000638.csv","関東","卸売業，小売業","中規模","1棟","高圧小口"
"G18000642.csv","関東","卸売業，小売業","中規模","1棟","高圧小口"
"G18000657.csv","関東","卸売業，小売業","中規模","1棟","高圧小口"
"G18000661.csv","関東","卸売業，小売業","中規模","1棟","高圧小口"
"G18000663.csv","関東","卸売業，小売業","中規模","1棟","高圧小口"
"G18000664.csv","関東","卸売業，小売業","中規模","1棟","高圧小口"
"G18000665.csv","関東","卸売業，小売業","中規模","1棟","高圧小口"
"G18000673.csv","関東","卸売業，小売業","中規模","1棟","高圧小口"
"G18000679.csv","関東","卸売業，小売業","中規模","1棟","高圧小口"
"G18000680.csv","関東","卸売業，小売業","中規模","1棟","高圧小口"
"G18000681.csv","関東","卸売業，小売業","中規模","1棟","高圧小口"
"G18000684.csv","関東","卸売業，小売業","大規模","1棟","高圧小口"
"G18000685.csv","関東","卸売業，小売業","中規模","1棟","高圧小口"
"G18000686.csv","関東","卸売業，小売業","中規模","1棟","高圧小口"
"G18000687.csv","関東","卸売業，小売業","中規模","1棟","高圧小口"
"G18000698.csv","関東","卸売業，小売業","中規模","1棟","高圧小口"
"G18000699.csv","関東","卸売業，小売業","中規模","1棟","低圧"
"G18000712.csv","関東","運輸業，郵便業","大規模","1棟","高圧小口"
"G18000717.csv","関東","製造業","大規模","1棟","高圧小口"
"G18000727.csv","関東","卸売業，小売業","中規模","1棟","高圧小口"
"G18000734.csv","関東","医療，福祉","大規模","1棟","高圧"
"G18000737.csv","関東","卸売業，小売業","中規模","1棟","高圧小口"
"G18000752.csv","関東","卸売業，小売業","大規模","1棟","高圧小口"
"G18000753.csv","関東","卸売業，小売業","大規模","1棟","高圧小口"
"G18000758.csv","関東","卸売業，小売業","大規模","1棟","高圧小口"
"G18000761.csv","関東","卸売業，小売業","中規模","1棟","高圧小口"
"G18000774.csv","関東","卸売業，小売業","中規模","1棟","高圧小口"
"G18000778.csv","関東","卸売業，小売業","大規模","1棟","高圧小口"
"G18000794.csv","関東","医療，福祉","大規模","1棟","高圧"
"G18000809.csv","関東","卸売業，小売業","大規模","テナント","高圧"
"G18000828.csv","関東","運輸業，郵便業","大規模","1棟","高圧小口"
"G18000834.csv","関東","卸売業，小売業","大規模","1棟","高圧小口"
"G18000835.csv","関東","卸売業，小売業","大規模","1棟","高圧小口"
"G18000850.csv","関東","卸売業，小売業","大規模","1棟","高圧小口"
"G18000851.csv","関東","不動産業，物品賃貸業","大規模","1棟","高圧"
"G18000852.csv","関東","卸売業，小売業","大規模","テナント","高圧"
"G18000853.csv","関東","卸売業，小売業","中規模","1棟","高圧小口"
"G18000858.csv","関東","卸売業，小売業","大規模","1棟","高圧小口"
"G18000860.csv","関東","卸売業，小売業","大規模","1棟","高圧小口"
"G18000866.csv","関東","卸売業，小売業","中規模","1棟","高圧小口"
"G18000869.csv","関東","生活関連サービス業，娯楽業","中規模","1棟","高圧小口"
"G18000872.csv","関東","卸売業，小売業","大規模","1棟","高圧小口"
"G19000337.csv","関東","製造業","中規模","1棟","高圧小口"
"G19000347.csv","関東","運輸業，郵便業","大規模","1棟","高圧小口"
"G19000348.csv","関東","卸売業，小売業","中規模","1棟","高圧小口"
"G19000349.csv","関東","卸売業，小売業","中規模","1棟","高圧小口"
"G19000350.csv","関東","卸売業，小売業","大規模","1棟","高圧小口"
"G19000351.csv","関東","卸売業，小売業","中規模","1棟","高圧小口"
"G19000352.csv","関東","卸売業，小売業","中規模","1棟","高圧小口"
"G19000354.csv","関東","卸売業，小売業","大規模","1棟","高圧小口"
"G19000355.csv","関東","運輸業，郵便業","大規模","1棟","高圧小口"
"G19000363.csv","関東","卸売業，小売業","中規模","テナント","高圧小口"
"G19000383.csv","関東","生活関連サービス業，娯楽業","中規模","テナント","高圧小口"
"G19000385.csv","関東","卸売業，小売業","中規模","1棟","高圧小口"
"G19000392.csv","関東","卸売業，小売業","中規模","テナント","高圧小口"
"G19000393.csv","関東","卸売業，小売業","中規模","1棟","高圧小口"
"G19000395.csv","関東","卸売業，小売業","中規模","1棟","高圧小口"
"G19000397.csv","関東","製造業","大規模","1棟","高圧"
"G19000401.csv","関東","教育，学習支援業","大規模","1棟","高圧小口"
"G19000407.csv","関東","製造業","大規模","1棟","高圧小口"
"G19000409.csv","関東","不動産業，物品賃貸業","大規模","1棟","高圧小口"
"G19000410.csv","関東","製造業","中規模","1棟","高圧小口"
"G19000411.csv","関東","製造業","大規模","1棟","高圧小口"
"G19000415.csv","関東","卸売業，小売業","中規模","1棟","高圧小口"
"G19000417.csv","関東","卸売業，小売業","中規模","1棟","高圧小口"
"G19000419.csv","関東","製造業","大規模","1棟","高圧小口"
"G19000423.csv","関東","サービス業（他に分類されないもの）","大規模","1棟","高圧小口"
"G19000426.csv","関東","卸売業，小売業","大規模","1棟","高圧小口"
"G19000427.csv","関東","卸売業，小売業","大規模","1棟","高圧小口"
"G19000428.csv","関東","卸売業，小売業","大規模","1棟","高圧小口"
"G19000429.csv","関東","卸売業，小売業","大規模","1棟","高圧"
"G19000432.csv","関東","卸売業，小売業","大規模","1棟","高圧小口"
"G19000433.csv","関東","卸売業，小売業","大規模","1棟","高圧小口"
"G19000434.csv","関東","卸売業，小売業","大規模","1棟","高圧小口"
"G19000438.csv","関東","卸売業，小売業","中規模","1棟","高圧小口"
"G19000439.csv","関東","卸売業，小売業","大規模","1棟","高圧小口"
"G19000440.csv","関東","卸売業，小売業","中規模","1棟","高圧小口"
"G19000441.csv","関東","卸売業，小売業","中規模","1棟","高圧小口"
"G19000442.csv","関東","卸売業，小売業","大規模","1棟","高圧小口"
"G19000443.csv","関東","卸売業，小売業","大規模","1棟","高圧小口"
"G19000449.csv","関東","不動産業，物品賃貸業","大規模","1棟","高圧小口"
"G19000452.csv","関東","製造業","中規模","1棟","高圧小口"
"G19000453.csv","関東","運輸業，郵便業","大規模","1棟","高圧小口"
"G19000469.csv","関東","卸売業，小売業","中規模","テナント","高圧小口"
"G19000474.csv","関東","卸売業，小売業","中規模","1棟","高圧小口"
"G19000475.csv","関東","製造業","中規模","1棟","高圧小口"
"G19000476.csv","関東","教育，学習支援業","大規模","1棟","高圧小口"
"G19000479.csv","関東","卸売業，小売業","大規模","1棟","高圧小口"
"G19000482.csv","関東","卸売業，小売業","中規模","1棟","高圧小口"
"G19000484.csv","関東","卸売業，小売業","大規模","1棟","高圧小口"
"G19000489.csv","関東","卸売業，小売業","中規模","1棟","高圧小口"
"G19000492.csv","関東","不動産業，物品賃貸業","大規模","1棟","高圧小口"
"G19000496.csv","関東","運輸業，郵便業","大規模","1棟","高圧小口"
"G19000498.csv","関東","卸売業，小売業","大規模","1棟","高圧小口"
"G19000509.csv","関東","卸売業，小売業","中規模","1棟","高圧小口"
"G19000511.csv","関東","サービス業（他に分類されないもの）","大規模","1棟","高圧小口"
"G19000524.csv","関東","生活関連サービス業，娯楽業","中規模","テナント","高圧小口"
"G19000528.csv","関東","医療，福祉","大規模","1棟","高圧小口"
"G19000529.csv","関東","製造業","大規模","1棟","高圧小口"
"G19000551.csv","関東","卸売業，小売業","大規模","1棟","高圧小口"
"G19000562.csv","関東","卸売業，小売業","中規模","1棟","高圧小口"
"G19000588.csv","関東","卸売業，小売業","大規模","1棟","高圧小口"
"G19000605.csv","関東","卸売業，小売業","大規模","1棟","高圧"
"G19000606.csv","関東","卸売業，小売業","大規模","1棟","高圧"
"G19000615.csv","関東","卸売業，小売業","中規模","1棟","高圧小口"
"G19000617.csv","関東","卸売業，小売業","中規模","1棟","高圧小口"
"G19000618.csv","関東","卸売業，小売業","中規模","1棟","高圧小口"
"G19000623.csv","関東","卸売業，小売業","中規模","1棟","高圧小口"
"G19000625.csv","関東","卸売業，小売業","中規模","1棟","高圧小口"
"G19000635.csv","関東","卸売業，小売業","中規模","1棟","高圧小口"
"G19000636.csv","関東","卸売業，小売業","中規模","1棟","高圧小口"
"G19000638.csv","関東","卸売業，小売業","中規模","1棟","高圧小口"
"G19000642.csv","関東","卸売業，小売業","中規模","1棟","高圧小口"
"G19000657.csv","関東","卸売業，小売業","中規模","1棟","高圧小口"
"G19000661.csv","関東","卸売業，小売業","中規模","1棟","高圧小口"
"G19000663.csv","関東","卸売業，小売業","中規模","1棟","高圧小口"
"G19000664.csv","関東","卸売業，小売業","中規模","1棟","高圧小口"
"G19000665.csv","関東","卸売業，小売業","中規模","1棟","高圧小口"
"G19000673.csv","関東","卸売業，小売業","中規模","1棟","高圧小口"
"G19000679.csv","関東","卸売業，小売業","中規模","1棟","高圧小口"
"G19000680.csv","関東","卸売業，小売業","中規模","1棟","高圧小口"
"G19000681.csv","関東","卸売業，小売業","中規模","1棟","高圧小口"
"G19000684.csv","関東","卸売業，小売業","大規模","1棟","高圧小口"
"G19000685.csv","関東","卸売業，小売業","中規模","1棟","高圧小口"
"G19000686.csv","関東","卸売業，小売業","中規模","1棟","高圧小口"
"G19000687.csv","関東","卸売業，小売業","中規模","1棟","高圧小口"
"G19000698.csv","関東","卸売業，小売業","中規模","1棟","高圧小口"
"G19000699.csv","関東","卸売業，小売業","中規模","1棟","低圧"
"G19000712.csv","関東","運輸業，郵便業","大規模","1棟","高圧小口"
"G19000717.csv","関東","製造業","大規模","1棟","高圧小口"
"G19000727.csv","関東","卸売業，小売業","中規模","1棟","高圧小口"
"G19000734.csv","関東","医療，福祉","大規模","1棟","高圧"
"G19000737.csv","関東","卸売業，小売業","中規模","1棟","高圧小口"
"G19000749.csv","関東","卸売業，小売業","中規模","テナント","高圧小口"
"G19000752.csv","関東","卸売業，小売業","大規模","1棟","高圧小口"
"G19000753.csv","関東","卸売業，小売業","大規模","1棟","高圧小口"
"G19000758.csv","関東","卸売業，小売業","大規模","1棟","高圧小口"
"G19000761.csv","関東","卸売業，小売業","中規模","1棟","高圧小口"
"G19000774.csv","関東","卸売業，小売業","中規模","1棟","高圧小口"
"G19000778.csv","関東","卸売業，小売業","大規模","1棟","高圧小口"
"G19000794.csv","関東","医療，福祉","大規模","1棟","高圧"
"G19000809.csv","関東","卸売業，小売業","大規模","テナント","高圧"
"G19000828.csv","関東","運輸業，郵便業","大規模","1棟","高圧小口"
"G19000834.csv","関東","卸売業，小売業","大規模","1棟","高圧小口"
"G19000835.csv","関東","卸売業，小売業","大規模","1棟","高圧小口"
"G19000850.csv","関東","卸売業，小売業","大規模","1棟","高圧小口"
"G19000851.csv","関東","不動産業，物品賃貸業","大規模","1棟","高圧"
"G19000852.csv","関東","卸売業，小売業","大規模","テナント","高圧"
"G19000853.csv","関東","卸売業，小売業","中規模","1棟","高圧小口"
"G19000858.csv","関東","卸売業，小売業","大規模","1棟","高圧小口"
"G19000860.csv","関東","卸売業，小売業","大規模","1棟","高圧小口"
"G19000866.csv","関東","卸売業，小売業","中規模","1棟","高圧小口"
"G19000869.csv","関東","生活関連サービス業，娯楽業","中規模","1棟","高圧小口"
"G19000872.csv","関東","卸売業，小売業","大規模","1棟","高圧小口"
"G19000885.csv","関東","製造業","大規模","1棟","高圧"
"G19000890.csv","関東","不動産業，物品賃貸業","大規模","1棟","高圧"
"G19000892.csv","関東","製造業","大規模","1棟","特別高圧"
"G19000895.csv","関東","製造業","大規模","1棟","高圧"
"G19000899.csv","関東","製造業","大規模","1棟","特別高圧"
"G19000906.csv","関東","卸売業，小売業","中規模","1棟","高圧小口"
"G19000907.csv","関東","卸売業，小売業","大規模","1棟","高圧小口"
"G19000912.csv","関東","卸売業，小売業","中規模","テナント","高圧小口"
"G19000914.csv","関東","卸売業，小売業","大規模","1棟","高圧小口"
"G19000915.csv","関東","卸売業，小売業","大規模","1棟","高圧小口"
"G19000934.csv","関東","卸売業，小売業","中規模","1棟","高圧小口"
"G19000935.csv","関東","卸売業，小売業","中規模","1棟","高圧小口"
"G19000938.csv","関東","卸売業，小売業","大規模","1棟","高圧小口"
"G19000941.csv","関東","卸売業，小売業","大規模","1棟","高圧小口"
"G19000945.csv","関東","卸売業，小売業","大規模","1棟","高圧小口"
"G19000947.csv","関東","卸売業，小売業","大規模","1棟","高圧"
"G19000967.csv","関東","卸売業，小売業","大規模","1棟","高圧小口"
"G19000969.csv","関東","生活関連サービス業，娯楽業","中規模","1棟","高圧小口"
"G19000970.csv","関東","生活関連サービス業，娯楽業","大規模","1棟","高圧小口"
"G19000975.csv","関東","卸売業，小売業","中規模","1棟","高圧小口"
"G19000993.csv","関東","製造業","中規模","1棟","高圧小口"
"G19001009.csv","関東","卸売業，小売業","大規模","1棟","高圧小口"
"G19001012.csv","関東","卸売業，小売業","中規模","1棟","高圧小口"
"G19001013.csv","関東","卸売業，小売業","中規模","1棟","高圧小口"
"G19001016.csv","関東","卸売業，小売業","大規模","1棟","高圧小口"
"G19001022.csv","関東","卸売業，小売業","大規模","1棟","高圧小口"
"G19001023.csv","関東","卸売業，小売業","大規模","1棟","高圧小口"
"G19001024.csv","関東","卸売業，小売業","大規模","1棟","高圧小口"
"G19001025.csv","関東","卸売業，小売業","中規模","1棟","高圧小口"
"G19001028.csv","関東","卸売業，小売業","大規模","1棟","高圧小口"
"G19001032.csv","関東","卸売業，小売業","中規模","1棟","高圧小口"
"G20000712.csv","関東","運輸業，郵便業","大規模","1棟","高圧小口"
"G20000717.csv","関東","製造業","大規模","1棟","高圧小口"
"G20000727.csv","関東","卸売業，小売業","中規模","1棟","高圧小口"
"G20000734.csv","関東","医療，福祉","大規模","1棟","高圧"
"G20000737.csv","関東","卸売業，小売業","中規模","1棟","高圧小口"
"G20000749.csv","関東","卸売業，小売業","中規模","テナント","高圧小口"
"G20000752.csv","関東","卸売業，小売業","大規模","1棟","高圧小口"
"G20000753.csv","関東","卸売業，小売業","大規模","1棟","高圧小口"
"G20000758.csv","関東","卸売業，小売業","大規模","1棟","高圧小口"
"G20000761.csv","関東","卸売業，小売業","中規模","1棟","高圧小口"
"G20000794.csv","関東","医療，福祉","大規模","1棟","高圧"
"G20000809.csv","関東","卸売業，小売業","大規模","テナント","高圧"
"G20000828.csv","関東","運輸業，郵便業","大規模","1棟","高圧小口"
"G20000834.csv","関東","卸売業，小売業","大規模","1棟","高圧小口"
"G20000850.csv","関東","卸売業，小売業","大規模","1棟","高圧小口"
"G20000851.csv","関東","不動産業，物品賃貸業","大規模","1棟","高圧"
"G20000852.csv","関東","卸売業，小売業","大規模","テナント","高圧"
"G20000853.csv","関東","卸売業，小売業","中規模","1棟","高圧小口"
"G20000858.csv","関東","卸売業，小売業","大規模","1棟","高圧小口"
"G20000860.csv","関東","卸売業，小売業","大規模","1棟","高圧小口"
"G20000866.csv","関東","卸売業，小売業","中規模","1棟","高圧小口"
"G20000869.csv","関東","生活関連サービス業，娯楽業","中規模","1棟","高圧小口"
"G20000872.csv","関東","卸売業，小売業","大規模","1棟","高圧小口"
"G20000885.csv","関東","製造業","大規模","1棟","高圧"
"G20000887.csv","関東","製造業","大規模","1棟","特別高圧"
"G20000890.csv","関東","不動産業，物品賃貸業","大規模","1棟","高圧"
"G20000892.csv","関東","製造業","大規模","1棟","特別高圧"
"G20000895.csv","関東","製造業","大規模","1棟","高圧"
"G20000899.csv","関東","製造業","大規模","1棟","特別高圧"
"G20000906.csv","関東","卸売業，小売業","中規模","1棟","高圧小口"
"G20000907.csv","関東","卸売業，小売業","大規模","1棟","高圧小口"
"G20000912.csv","関東","卸売業，小売業","中規模","テナント","高圧小口"
"G20000914.csv","関東","卸売業，小売業","大規模","1棟","高圧小口"
"G20000915.csv","関東","卸売業，小売業","大規模","1棟","高圧小口"
"G20000934.csv","関東","卸売業，小売業","中規模","1棟","高圧小口"
"G20000935.csv","関東","卸売業，小売業","中規模","1棟","高圧小口"
"G20000938.csv","関東","卸売業，小売業","大規模","1棟","高圧小口"
"G20000941.csv","関東","卸売業，小売業","大規模","1棟","高圧小口"
"G20000943.csv","関東","卸売業，小売業","大規模","1棟","高圧小口"
"G20000945.csv","関東","卸売業，小売業","大規模","1棟","高圧小口"
"G20000947.csv","関東","卸売業，小売業","大規模","1棟","高圧"
"G20000967.csv","関東","卸売業，小売業","大規模","1棟","高圧小口"
"G20000969.csv","関東","生活関連サービス業，娯楽業","中規模","1棟","高圧小口"
"G20000970.csv","関東","生活関連サービス業，娯楽業","大規模","1棟","高圧小口"
"G20000975.csv","関東","卸売業，小売業","中規模","1棟","高圧小口"
"G20000993.csv","関東","製造業","中規模","1棟","高圧小口"
"G20001009.csv","関東","卸売業，小売業","大規模","1棟","高圧小口"
"G20001012.csv","関東","卸売業，小売業","中規模","1棟","高圧小口"
"G20001013.csv","関東","卸売業，小売業","中規模","1棟","高圧小口"
"G20001016.csv","関東","卸売業，小売業","大規模","1棟","高圧小口"
"G20001022.csv","関東","卸売業，小売業","大規模","1棟","高圧小口"
"G20001023.csv","関東","卸売業，小売業","大規模","1棟","高圧小口"
"G20001024.csv","関東","卸売業，小売業","大規模","1棟","高圧小口"
"G20001025.csv","関東","卸売業，小売業","中規模","1棟","高圧小口"
"G20001028.csv","関東","卸売業，小売業","大規模","1棟","高圧小口"
"G20001032.csv","関東","卸売業，小売業","中規模","1棟","高圧小口"
"G20001059.csv","関東","製造業","大規模","1棟","高圧"
"G20001064.csv","関東","製造業","大規模","1棟","高圧"
"G20001085.csv","関東","卸売業，小売業","大規模","1棟","高圧小口"
"G20001088.csv","関東","卸売業，小売業","大規模","1棟","高圧小口"
"G20001092.csv","関東","卸売業，小売業","中規模","1棟","高圧小口"
"G20001093.csv","関東","卸売業，小売業","大規模","1棟","高圧小口"
"G20001098.csv","関東","製造業","大規模","1棟","高圧"
"G20001101.csv","関東","卸売業，小売業","中規模","1棟","高圧小口"
"G20001107.csv","関東","教育，学習支援業","大規模","1棟","高圧小口"
"G20001119.csv","関東","卸売業，小売業","大規模","1棟","高圧小口"
"G20001120.csv","関東","卸売業，小売業","大規模","1棟","高圧小口"
"G20001121.csv","関東","卸売業，小売業","大規模","1棟","高圧小口"
"G20001123.csv","関東","医療，福祉","大規模","1棟","高圧小口"
"G20001135.csv","関東","卸売業，小売業","中規模","1棟","高圧小口"
"G20001137.csv","関東","卸売業，小売業","大規模","1棟","高圧小口"
"G20001138.csv","関東","卸売業，小売業","中規模","1棟","高圧小口"
"G20001151.csv","関東","卸売業，小売業","中規模","1棟","高圧小口"
"G20001158.csv","関東","製造業","大規模","1棟","高圧"
"G20001160.csv","関東","卸売業，小売業","中規模","1棟","低圧"
"G20001171.csv","関東","不動産業，物品賃貸業","大規模","1棟","高圧小口"
"G20001175.csv","関東","卸売業，小売業","大規模","1棟","高圧小口"
"G20001181.csv","関東","生活関連サービス業，娯楽業","大規模","1棟","高圧小口"
"G20001182.csv","関東","不動産業，物品賃貸業","大規模","1棟","高圧小口"
"G20001183.csv","関東","医療，福祉","大規模","1棟","高圧小口"
"G20001194.csv","関東","卸売業，小売業","大規模","1棟","高圧小口"
"G21000885.csv","関東","製造業","大規模","1棟","高圧"
"G21000887.csv","関東","製造業","大規模","1棟","特別高圧"
"G21000890.csv","関東","不動産業，物品賃貸業","大規模","1棟","高圧"
"G21000892.csv","関東","製造業","大規模","1棟","特別高圧"
"G21000895.csv","関東","製造業","大規模","1棟","高圧"
"G21000899.csv","関東","製造業","大規模","1棟","特別高圧"
"G21000907.csv","関東","卸売業，小売業","大規模","1棟","高圧小口"
"G21000912.csv","関東","卸売業，小売業","中規模","テナント","高圧小口"
"G21000914.csv","関東","卸売業，小売業","大規模","1棟","高圧小口"
"G21000915.csv","関東","卸売業，小売業","大規模","1棟","高圧小口"
"G21000934.csv","関東","卸売業，小売業","中規模","1棟","高圧小口"
"G21000935.csv","関東","卸売業，小売業","中規模","1棟","高圧小口"
"G21000938.csv","関東","卸売業，小売業","大規模","1棟","高圧小口"
"G21000941.csv","関東","卸売業，小売業","大規模","1棟","高圧小口"
"G21000943.csv","関東","卸売業，小売業","大規模","1棟","高圧小口"
"G21000945.csv","関東","卸売業，小売業","大規模","1棟","高圧小口"
"G21000947.csv","関東","卸売業，小売業","大規模","1棟","高圧"
"G21000967.csv","関東","卸売業，小売業","大規模","1棟","高圧小口"
"G21000969.csv","関東","生活関連サービス業，娯楽業","中規模","1棟","高圧小口"
"G21000970.csv","関東","生活関連サービス業，娯楽業","大規模","1棟","高圧小口"
"G21000975.csv","関東","卸売業，小売業","中規模","1棟","高圧小口"
"G21000993.csv","関東","製造業","中規模","1棟","高圧小口"
"G21001009.csv","関東","卸売業，小売業","大規模","1棟","高圧小口"
"G21001012.csv","関東","卸売業，小売業","中規模","1棟","高圧小口"
"G21001013.csv","関東","卸売業，小売業","中規模","1棟","高圧小口"
"G21001016.csv","関東","卸売業，小売業","大規模","1棟","高圧小口"
"G21001022.csv","関東","卸売業，小売業","大規模","1棟","高圧小口"
"G21001023.csv","関東","卸売業，小売業","大規模","1棟","高圧小口"
"G21001024.csv","関東","卸売業，小売業","大規模","1棟","高圧小口"
"G21001025.csv","関東","卸売業，小売業","中規模","1棟","高圧小口"
"G21001028.csv","関東","卸売業，小売業","大規模","1棟","高圧小口"
"G21001032.csv","関東","卸売業，小売業","中規模","1棟","高圧小口"
"G21001059.csv","関東","製造業","大規模","1棟","高圧"
"G21001064.csv","関東","製造業","大規模","1棟","高圧"
"G21001085.csv","関東","卸売業，小売業","大規模","1棟","高圧小口"
"G21001088.csv","関東","卸売業，小売業","大規模","1棟","高圧小口"
"G21001093.csv","関東","卸売業，小売業","大規模","1棟","高圧小口"
"G21001098.csv","関東","製造業","大規模","1棟","高圧"
"G21001101.csv","関東","卸売業，小売業","中規模","1棟","高圧小口"
"G21001119.csv","関東","卸売業，小売業","大規模","1棟","高圧小口"
"G21001120.csv","関東","卸売業，小売業","大規模","1棟","高圧小口"
"G21001121.csv","関東","卸売業，小売業","大規模","1棟","高圧小口"
"G21001123.csv","関東","医療，福祉","大規模","1棟","高圧小口"
"G21001134.csv","関東","卸売業，小売業","中規模","1棟","高圧小口"
"G21001135.csv","関東","卸売業，小売業","中規模","1棟","高圧小口"
"G21001137.csv","関東","卸売業，小売業","大規模","1棟","高圧小口"
"G21001138.csv","関東","卸売業，小売業","中規模","1棟","高圧小口"
"G21001158.csv","関東","製造業","大規模","1棟","高圧"
"G21001160.csv","関東","卸売業，小売業","中規模","1棟","低圧"
"G21001171.csv","関東","不動産業，物品賃貸業","大規模","1棟","高圧小口"
"G21001175.csv","関東","卸売業，小売業","大規模","1棟","高圧小口"
"G21001181.csv","関東","生活関連サービス業，娯楽業","大規模","1棟","高圧小口"
"G21001182.csv","関東","不動産業，物品賃貸業","大規模","1棟","高圧小口"
"G21001183.csv","関東","医療，福祉","大規模","1棟","高圧小口"
"G21001198.csv","関東","製造業","大規模","1棟","特別高圧"
"G21001205.csv","関東","製造業","大規模","1棟","高圧小口"
"G21001209.csv","関東","不動産業，物品賃貸業","大規模","テナント","高圧"
"G21001219.csv","関東","卸売業，小売業","大規模","1棟","高圧"
"G21001225.csv","関東","不動産業，物品賃貸業","大規模","1棟","高圧小口"
"G21001226.csv","関東","不動産業，物品賃貸業","大規模","テナント","高圧"
"G21001232.csv","関東","卸売業，小売業","中規模","1棟","高圧小口"
"G21001236.csv","関東","卸売業，小売業","中規模","1棟","高圧小口"
"G21001249.csv","関東","卸売業，小売業","大規模","1棟","高圧小口"
"G21001265.csv","関東","卸売業，小売業","大規模","1棟","高圧小口"
"G21001288.csv","関東","卸売業，小売業","大規模","1棟","高圧小口"
"G21001289.csv","関東","卸売業，小売業","大規模","1棟","高圧小口"
"G21001290.csv","関東","卸売業，小売業","大規模","1棟","高圧小口"
"G21001291.csv","関東","製造業","大規模","1棟","高圧"
"G21001296.csv","関東","卸売業，小売業","大規模","1棟","高圧小口"
"G21001309.csv","関東","製造業","大規模","1棟","高圧小口"
"G21001320.csv","関東","卸売業，小売業","中規模","1棟","高圧小口"
"G21001321.csv","関東","卸売業，小売業","中規模","1棟","高圧小口"
"G22000887.csv","関東","製造業","大規模","1棟","特別高圧"
"G22001059.csv","関東","製造業","大規模","1棟","高圧"
"G22001064.csv","関東","製造業","大規模","1棟","高圧"
"G22001082.csv","関東","卸売業，小売業","中規模","1棟","高圧小口"
"G22001085.csv","関東","卸売業，小売業","大規模","1棟","高圧小口"
"G22001088.csv","関東","卸売業，小売業","大規模","1棟","高圧小口"
"G22001092.csv","関東","卸売業，小売業","中規模","1棟","高圧小口"
"G22001093.csv","関東","卸売業，小売業","大規模","1棟","高圧小口"
"G22001098.csv","関東","製造業","大規模","1棟","高圧"
"G22001101.csv","関東","卸売業，小売業","中規模","1棟","高圧小口"
"G22001107.csv","関東","教育，学習支援業","大規模","1棟","高圧小口"
"G22001118.csv","関東","卸売業，小売業","大規模","1棟","高圧小口"
"G22001119.csv","関東","卸売業，小売業","大規模","1棟","高圧小口"
"G22001120.csv","関東","卸売業，小売業","大規模","1棟","高圧小口"
"G22001121.csv","関東","卸売業，小売業","大規模","1棟","高圧小口"
"G22001123.csv","関東","医療，福祉","大規模","1棟","高圧小口"
"G22001134.csv","関東","卸売業，小売業","中規模","1棟","高圧小口"
"G22001135.csv","関東","卸売業，小売業","中規模","1棟","高圧小口"
"G22001137.csv","関東","卸売業，小売業","大規模","1棟","高圧小口"
"G22001138.csv","関東","卸売業，小売業","中規模","1棟","高圧小口"
"G22001151.csv","関東","卸売業，小売業","中規模","1棟","高圧小口"
"G22001158.csv","関東","製造業","大規模","1棟","高圧"
"G22001160.csv","関東","卸売業，小売業","中規模","1棟","低圧"
"G22001171.csv","関東","不動産業，物品賃貸業","大規模","1棟","高圧小口"
"G22001175.csv","関東","卸売業，小売業","大規模","1棟","高圧小口"
"G22001181.csv","関東","生活関連サービス業，娯楽業","大規模","1棟","高圧小口"
"G22001182.csv","関東","不動産業，物品賃貸業","大規模","1棟","高圧小口"
"G22001183.csv","関東","医療，福祉","大規模","1棟","高圧小口"
"G22001198.csv","関東","製造業","大規模","1棟","特別高圧"
"G22001205.csv","関東","製造業","大規模","1棟","高圧小口"
"G22001209.csv","関東","不動産業，物品賃貸業","大規模","テナント","高圧"
"G22001219.csv","関東","卸売業，小売業","大規模","1棟","高圧"
"G22001225.csv","関東","不動産業，物品賃貸業","大規模","1棟","高圧小口"
"G22001226.csv","関東","不動産業，物品賃貸業","大規模","テナント","高圧"
"G22001232.csv","関東","卸売業，小売業","中規模","1棟","高圧小口"
"G22001234.csv","関東","卸売業，小売業","大規模","1棟","高圧小口"
"G22001235.csv","関東","卸売業，小売業","中規模","1棟","高圧小口"
"G22001236.csv","関東","卸売業，小売業","中規模","1棟","高圧小口"
"G22001242.csv","関東","卸売業，小売業","大規模","1棟","高圧小口"
"G22001244.csv","関東","卸売業，小売業","大規模","テナント","高圧小口"
"G22001249.csv","関東","卸売業，小売業","大規模","1棟","高圧小口"
"G22001250.csv","関東","卸売業，小売業","大規模","テナント","高圧小口"
"G22001265.csv","関東","卸売業，小売業","大規模","1棟","高圧小口"
"G22001288.csv","関東","卸売業，小売業","大規模","1棟","高圧小口"
"G22001289.csv","関東","卸売業，小売業","大規模","1棟","高圧小口"
"G22001290.csv","関東","卸売業，小売業","大規模","1棟","高圧小口"
"G22001291.csv","関東","製造業","大規模","1棟","高圧"
"G22001296.csv","関東","卸売業，小売業","大規模","1棟","高圧小口"
"G22001303.csv","関東","製造業","大規模","1棟","高圧"
"G22001309.csv","関東","製造業","大規模","1棟","高圧小口"
"G22001320.csv","関東","卸売業，小売業","中規模","1棟","高圧小口"
"G22001321.csv","関東","卸売業，小売業","中規模","1棟","高圧小口"
"G22001411.csv","関東","医療，福祉","大規模","1棟","高圧"
"G22001414.csv","関東","製造業","大規模","1棟","高圧"
"G23001198.csv","関東","製造業","大規模","1棟","特別高圧"
"G23001205.csv","関東","製造業","大規模","1棟","高圧小口"
"G23001219.csv","関東","卸売業，小売業","大規模","1棟","高圧"
"G23001225.csv","関東","不動産業，物品賃貸業","大規模","1棟","高圧小口"
"G23001226.csv","関東","不動産業，物品賃貸業","大規模","テナント","高圧"
"G23001232.csv","関東","卸売業，小売業","中規模","1棟","高圧小口"
"G23001234.csv","関東","卸売業，小売業","大規模","1棟","高圧小口"
"G23001235.csv","関東","卸売業，小売業","中規模","1棟","高圧小口"
"G23001236.csv","関東","卸売業，小売業","中規模","1棟","高圧小口"
"G23001242.csv","関東","卸売業，小売業","大規模","1棟","高圧小口"
"G23001244.csv","関東","卸売業，小売業","大規模","テナント","高圧小口"
"G23001249.csv","関東","卸売業，小売業","大規模","1棟","高圧小口"
"G23001250.csv","関東","卸売業，小売業","大規模","テナント","高圧小口"
"G23001265.csv","関東","卸売業，小売業","大規模","1棟","高圧小口"
"G23001275.csv","関東","卸売業，小売業","中規模","テナント","高圧小口"
"G23001276.csv","関東","卸売業，小売業","大規模","テナント","高圧小口"
"G23001288.csv","関東","卸売業，小売業","大規模","1棟","高圧小口"
"G23001289.csv","関東","卸売業，小売業","大規模","1棟","高圧小口"
"G23001290.csv","関東","卸売業，小売業","大規模","1棟","高圧小口"
"G23001291.csv","関東","製造業","大規模","1棟","高圧"
"G23001296.csv","関東","卸売業，小売業","大規模","1棟","高圧小口"
"G23001303.csv","関東","製造業","大規模","1棟","高圧"
"G23001309.csv","関東","製造業","大規模","1棟","高圧小口"
"G23001320.csv","関東","卸売業，小売業","中規模","1棟","高圧小口"
"G23001321.csv","関東","卸売業，小売業","中規模","1棟","高圧小口"
"G23001411.csv","関東","医療，福祉","大規模","1棟","高圧"
"G23001414.csv","関東","製造業","大規模","1棟","高圧"
"O16000001.csv","関東","公務(他に分類されるものを除く)","大規模","1棟","高圧"
"O16000002.csv","関東","公務(他に分類されるものを除く)","大規模","1棟","高圧"
